Date,Avinash_Steps,Juhan_Steps,Daniel_Steps,Viet_Steps,Avg_Steps,Avinash_Distance,Juhan_Distance,Daniel_Distance,Viet_Distance,Avg_Distance,Avg_Temperature,Humidity,Avg_Wind_Speed,Precipitation,Air_Quality_Index_Value
11/1/2018,294,762,2085,6150,2999,0.13,0.3,0.81,2.7,0.99,63.5,0,7.6,0,67
11/2/2018,3776,1368,2085,4183,2545,1.67,0.61,0.81,1.8,1.22,68,6,11.5,0.22,44
11/3/2018,8796,4971,1850,0,2274,3.9,2.21,0.72,0,1.71,56.5,10,15.7,0.37,39
11/4/2018,1290,422,1745,2657,1608,0.57,0.26,0.71,1,0.64,49,0,7.8,0,37
11/5/2018,8941,3285,1675,4816,3259,3.96,1.44,0.68,2.1,2.04,50.5,10,13.3,0.3,39
11/6/2018,1086,1503,1675,0,1059,0.48,0.69,0.68,0,0.46,54,24,7.8,0.68,36
11/7/2018,4222,367,1675,13411,5151,1.87,0.15,0.68,4.9,1.9,56.5,1,13.5,0,45
11/8/2018,5192,6475,1675,2716,3622,2.3,2.94,0.68,1.2,1.78,50.5,0,10.5,0,48
11/9/2018,3750,1046,1675,158,960,1.66,0.43,0.68,0.06,0.71,46,9,12.5,0.77,36
11/10/2018,8525,667,1675,62,801,3.78,0.28,0.68,0.02,1.19,42,6,16.6,0.03,31
11/11/2018,9665,261,1675,1595,1177,4.28,0.1,0.68,0.7,1.44,39.5,0,10.6,0,40
11/12/2018,9470,2935,1675,1404,2005,4.19,1.77,0.68,0.62,1.82,43,1,5.3,0.04,68
11/13/2018,4175,152,1598,1880,1210,1.85,0.05,0.65,0.83,0.84,46.5,12,13.6,1.06,54
11/14/2018,8875,2058,3377,12053,5829,3.93,0.92,1.3,5.3,2.86,37.5,0,16.9,0,34
11/15/2018,3064,1504,2522,17,1348,1.36,0.67,1,0.007,0.76,34,9,15.8,1.16,40
11/16/2018,3353,2593,2915,2169,2559,1.48,1.11,1.2,0.94,1.18,39.5,7,19.6,0.31,34
11/17/2018,9136,3435,2109,3308,2951,4.05,2,0.86,1.4,2.08,42,0,13.1,0,57
11/18/2018,4341,211,1385,3046,1547,1.92,0.45,0.54,1.3,1.05,41.5,0,7.3,0,35
11/19/2018,6357,26110,4669,3686,11488,2.82,11.8,1.8,1.6,4.5,45.5,0,5.2,0,74
11/20/2018,9988,681,6194,7071,4649,4.42,0.39,2.5,3.1,2.6,43,0,12.1,0,59
11/21/2018,6538,1395,12087,134,4539,2.9,0.9,5.3,0.05,2.29,35.5,0,15.7,0,43
11/22/2018,5715,1368,12006,6246,6540,2.53,0.56,5.2,2.7,2.75,22.5,0,18.5,0,32
11/23/2018,7224,82,17018,1698,6266,3.2,0.03,6.4,0.77,2.6,23.5,0,7.3,0,42
11/24/2018,9009,8207,8759,2094,6353,3.99,3.63,3.3,0.81,2.93,40,5,11,0.97,67
11/25/2018,4830,3906,3951,7714,5190,2.14,2.06,1.6,3.2,2.25,50,5,10.2,0.81,61
11/26/2018,4567,1065,3116,64,1415,2.02,0.47,1.2,0.02,0.93,49,9,13.8,0.85,53
11/27/2018,7516,2017,2904,93,1671,3.33,0.89,1.2,0.03,1.36,41,3,17.1,0.03,30
11/28/2018,6868,1869,2928,7954,4250,3.04,0.81,1.1,3.3,2.06,39,0,19.4,0,25
11/29/2018,2434,1124,1442,2794,1787,1.08,0.49,0.61,1.1,0.82,42,0,19.5,0,31
11/30/2018,468,2713,1313,139,1388,0.21,1.23,0.54,0.05,0.51,40.5,0,5.4,0.02,50
12/1/2018,7111,6453,1654,4967,4358,3.15,2.83,0.7,1.9,2.14,41,1,6.3,0.05,58
12/2/2018,5237,191,3490,1644,1775,2.32,0.07,1.3,0.66,1.09,49,24,7.9,0.59,52
12/3/2018,1215,2375,2035,6095,3502,0.54,1.01,0.85,2.5,1.22,50.5,4,14.5,0,35
12/4/2018,4089,1411,3564,7057,4011,1.81,0.62,1.3,2.9,1.66,38.5,0,15.5,0,32
12/5/2018,9611,551,14340,9737,8209,4.26,0.23,5.8,4,3.57,32.5,0,9.2,0,60
12/6/2018,3739,2420,16361,7408,8730,1.66,1.02,7.3,2.9,3.22,35,0,12.9,0,54
12/7/2018,5359,3631,10446,1046,5041,2.37,1.62,4.4,0.44,2.21,33.5,0,15,0,43
12/8/2018,2484,120,4512,4152,2928,1.1,0.03,1.7,1.7,1.13,30,0,10.5,0,54
12/9/2018,6465,2493,4096,10361,5650,2.86,1.11,1.6,4.3,2.47,32,0,6.8,0,61
12/10/2018,7012,9278,1873,2139,4430,3.11,3.8,0.78,0.87,2.14,34,0,9.8,0,73
12/11/2018,9081,12220,440,8068,6909,4.02,5.5,0.19,3.4,3.28,35,0,8.1,0,87
12/12/2018,4810,4964,1755,9401,5373,2.13,2.05,0.67,3.9,2.19,37,0,11.8,0,71
12/13/2018,7939,3697,4461,2810,3656,3.52,1.58,1.7,1.1,1.97,36.5,1,12.4,0.03,68
12/14/2018,2872,6990,4096,7638,6241,1.27,3.14,1.6,3.2,2.3,45.5,4,7.5,0.1,64
12/15/2018,3469,11606,6321,1947,6625,1.54,4.39,2.4,0.76,2.27,49,13,8.7,0.14,58
12/16/2018,3744,7248,8261,2698,6069,1.66,3,3,1.1,2.19,40.5,16,19.6,1.43,48
12/17/2018,6271,9515,6861,2109,6162,2.78,3.8,2.6,0.85,2.51,41.5,1,17.8,0.03,40
12/18/2018,4043,960,3136,8169,4088,1.79,0.38,1.1,3.4,1.67,34,0,20.8,0,33
12/19/2018,4736,1555,3719,60,1778,2.1,0.63,1.4,0.02,1.04,34,0,7.9,0,53
12/20/2018,9091,3711,4811,8776,5766,4.03,0.59,1.9,3.6,2.53,42,8,8.1,0.22,82
12/21/2018,3527,4107,9353,7503,6988,1.56,1.97,3.7,3,2.56,54,22,16.2,1.61,67
12/22/2018,716,19284,5992,1484,8920,0.32,8.4,2.5,0.61,2.96,47,1,19,0.02,44
12/23/2018,3825,19016,1495,7943,9485,1.69,7.9,0.61,3.3,3.38,39.5,0,10,0,54
12/24/2018,707,14556,2874,4286,7239,0.31,6.3,1.1,1.8,2.38,39.5,7,9.7,0.12,54
12/25/2018,2763,16886,3019,7455,9120,1.22,7.2,1.2,3.1,3.18,36.5,0,13.1,0,39
12/26/2018,5761,3298,2756,63,2039,2.55,1.31,1,0.02,1.22,37.5,0,9.5,0,56
12/27/2018,1439,3055,7719,15193,8656,0.64,1.21,3.1,6.5,2.86,40.5,0,9.5,0,60
12/28/2018,1602,5392,8306,39,4579,0.71,1.92,3.2,0.01,1.46,51.5,19,9.4,1.15,50
12/29/2018,8437,3041,7453,2361,4285,3.74,1.1,2.8,0.95,2.15,48,1,15.6,0,40
12/30/2018,4902,5731,3784,3896,4470,2.17,2.31,1.4,1.6,1.87,36.5,0,6.9,0,52
12/31/2018,2195,3873,4603,385,2954,0.97,1.41,1.8,0.15,1.08,42,7,7.8,1.02,62
1/1/2019,8948,11486,9399,26,6970,3.96,4.11,3.7,0.01,2.95,48.5,6,17.1,0.06,45
1/2/2019,3062,13332,7655,5982,8990,1.36,5.01,2.9,2.5,2.94,37.5,0,8.5,0,64
1/3/2019,968,4800,2296,8107,5068,0.43,2.01,0.9,3.5,1.71,40.5,0,10.5,0,54
1/4/2019,5900,4057,4414,200,2890,2.61,1.51,1.7,0.07,1.47,41,0,9.8,0,60
1/5/2019,4916,9297,2012,74,3794,2.18,4.5,0.79,0.03,1.87,44,18,13.5,0.5,50
1/6/2019,2807,12748,3719,28,5498,1.24,5.2,1.3,0.01,1.94,40,0,17.3,0,51
1/7/2019,4277,17954,2317,2028,7433,1.89,7.1,0.98,0.84,2.7,29.5,0,9.9,0,44
1/8/2019,6320,10577,3412,3728,5906,2.8,4.1,1.2,1.5,2.4,39.5,8,5.5,0.17,75
1/9/2019,5241,8058,5533,2434,5342,2.32,3.17,2.1,1,2.15,39.5,2,20.9,0.06,38
1/10/2019,8127,6647,8479,1828,5651,3.6,3.08,3.3,0.75,2.68,31,0,22.8,0,42
1/11/2019,5084,9947,16410,1280,9212,2.25,4.39,7.3,0.5,3.61,25.5,0,19.1,0,45
1/12/2019,3698,8139,5490,1259,4963,1.64,3.3,2.4,0.47,1.95,27,0,8.1,0,43
1/13/2019,2603,13908,8072,3424,8468,1.15,6,3,1.1,2.81,29,0,11.3,0,42
1/14/2019,5229,8649,3912,2245,4935,2.32,3.33,1.5,0.94,2.02,27,0,11,0,52
1/15/2019,2441,3890,1059,4781,3243,1.08,1.6,0.44,1.9,1.26,30.5,0,6.9,0,63
1/16/2019,7793,7554,1876,2066,3832,3.45,3,0.78,0.82,2.01,34.5,0,11.9,0,67
1/17/2019,8594,19839,3273,7310,10141,3.81,8.3,1.3,2.5,3.98,28.5,0,9.2,0,44
1/18/2019,3301,4007,4413,1906,3442,1.46,1.7,1.7,0.78,1.41,34,3,7.6,0.05,94
1/19/2019,7735,3160,6514,2759,4144,3.43,1.75,2.5,1,2.17,34.5,3,9.5,0.29,56
1/20/2019,2268,165,1606,1012,928,1,0.06,0.63,0.41,0.53,28,12,20.3,0.88,37
1/21/2019,6290,4235,3107,4303,3882,2.79,1.9,1.2,1.6,1.87,9,0,26.5,0,50
1/22/2019,8875,6373,13393,2357,7374,3.93,2.8,5.3,0.97,3.25,22,0,10.8,0,54
1/23/2019,2252,878,1832,2963,1891,1,0.38,0.78,1.2,0.84,41.5,0,9,0,54
1/24/2019,5939,8781,5363,3927,6024,2.63,3.54,2,1.6,2.44,47,11,16.8,1.33,49
1/25/2019,4583,17473,8410,3089,9657,2.03,7.6,3.5,1.2,3.58,34,0,15.3,0,46
1/26/2019,9049,726,13501,8366,7531,4.01,0.32,5.4,3.6,3.33,29.5,0,9.4,0,48
1/27/2019,8315,1777,9320,129,3742,3.68,1.2,3.5,0.05,2.11,40.5,0,11.1,0,51
1/28/2019,5794,1284,5095,11848,6076,2.57,0.57,1.8,5,2.48,31.5,0,9.3,0,54
1/29/2019,6530,20288,3405,78,7924,2.89,9,1.2,0.02,3.28,34,2,9.5,0.23,69
1/30/2019,8670,1107,145,3564,1605,3.84,0.48,0.05,1.5,1.47,20.5,1,19.7,0.01,54
1/31/2019,7658,16491,2938,6153,8527,3.39,6.9,1,2.6,3.47,9,0,14.5,0,49
2/1/2019,3363,1826,2675,257,1586,1.49,0.81,1.1,0.1,0.87,16,0,9.5,0,53
2/2/2019,7798,3138,6233,6513,5295,3.45,1.58,2.2,2.8,2.51,25,0,10.3,0,80
2/3/2019,1857,60,3937,152,1383,0.82,0.23,1.6,0.06,0.68,43,0,5.4,0,92
2/4/2019,6184,1135,4260,8727,4707,2.74,0.5,1.8,3.6,2.16,51,0,5.2,0,83
2/5/2019,4574,15163,9001,5872,10012,2.03,6.1,3.5,2.5,3.53,54.5,0,5.5,0,81
2/6/2019,630,2390,1509,6635,3511,0.28,1.08,0.55,2.9,1.2,40.5,3,10.6,0.45,80
2/7/2019,4255,13490,3345,9598,8811,1.88,3.45,1.2,4.1,2.66,41.5,11,10.2,0.07,51
2/8/2019,3834,1842,6705,141,2896,1.7,0.8,2.6,0.06,1.29,43.5,9,14.3,0.37,43
2/9/2019,3041,49,1747,4937,2244,1.35,0.3,0.64,2,1.07,27.5,0,21.8,0,37
2/10/2019,1046,623,172,41,279,0.46,0.29,0.07,0.01,0.21,29,0,8.9,0,35
2/11/2019,7791,560,15514,6832,7635,3.45,0.53,6,2.9,3.22,34,0,6.9,0,58
2/12/2019,812,3819,228,2081,2043,0.36,1.63,0.09,0.78,0.71,31,6,15.2,0.75,63
2/13/2019,5081,3189,1485,7346,4007,2.25,1.31,0.6,3.2,1.84,37,6,15.9,0.08,42
2/14/2019,8811,15614,4427,12320,10787,3.9,6.9,1.8,5.2,4.45,39.5,0,11.6,0,51
2/15/2019,3106,12971,1722,5429,6707,1.38,5.26,0.67,2.3,2.4,50.5,0,9.4,0,68
2/16/2019,6485,317,10956,9184,6819,2.87,0.54,4.7,3.9,3,39.5,0,14.9,0,39
2/17/2019,9912,708,8383,6611,5234,4.39,0.79,3.5,2.8,2.87,32,0,8.5,0.04,40
2/18/2019,2025,925,109,48,361,0.9,0.89,0.04,0.02,0.46,34,11,14.1,0.09,42
2/19/2019,7190,14173,4506,8185,8955,3.18,3.47,1.7,3.4,2.94,29.5,0,13.3,0,42
2/20/2019,849,841,7427,6683,4984,0.38,0.35,2.9,2.6,1.56,29.5,6,8.1,0.57,91
2/21/2019,1988,11679,3438,12887,9335,0.88,5.1,1.2,5.4,3.15,42.5,7,9.6,0.1,60
2/22/2019,2326,2968,3772,7485,4742,1.03,1.21,1.5,3.1,1.71,40,0,13,0,52
2/23/2019,1656,642,55,7145,2614,0.73,0.57,0.02,3,1.08,37,0,7.9,0.01,51
2/24/2019,8979,445,6363,6395,4401,3.98,0.19,2.4,2.7,2.32,41.5,13,15.6,0.58,47
2/25/2019,3175,1485,594,5437,2505,1.41,0.64,0.25,2.3,1.15,35.5,0,27,0,45
2/26/2019,1010,16483,3473,10627,10194,0.45,7.5,1.3,4.5,3.44,30.5,0,17.3,0,42
2/27/2019,6890,2177,3477,7622,4425,3.05,1.3,1.3,3.3,2.24,27,0,9.9,0,103
2/28/2019,4318,11867,3133,11944,8981,1.91,4.9,1.1,5.1,3.25,32,0,11.4,0.03,54
3/1/2019,1697,1900,4239,9931,5357,0.75,0.82,1.5,4.2,1.82,30.5,0,11.6,0.11,94
3/2/2019,2826,3324,1876,7761,4320,1.25,1.4,0.7,3.2,1.64,36,6,8.6,0.53,52
3/3/2019,3106,174,3117,1584,1625,1.38,0.07,1.1,0.71,0.81,37.5,7,9.2,0.52,60
3/4/2019,1470,851,1038,2153,1347,0.65,0.34,0.36,0.86,0.55,33,5,14.3,0.29,47
3/5/2019,4732,15510,2846,9317,9224,2.1,6.2,1.1,3.8,3.3,26,0,13.8,0,51
3/6/2019,5567,1927,1121,12166,5071,2.47,0.87,0.43,5.2,2.24,22.5,0,16.4,0,49
3/7/2019,1754,15933,3014,7013,8653,0.78,6.8,1.1,2.9,2.89,25,0,12.3,0,56
3/8/2019,2820,2421,177,6605,3068,1.25,1,0.08,2.8,1.28,31.5,0,5.9,0,71
3/9/2019,3513,6404,156,6512,4357,1.56,2.81,0.06,2.8,1.81,41.5,0,7.3,0,81
3/10/2019,7079,142,1267,28,479,3.14,0.05,0.5,0.01,0.92,39,14,12.4,0.54,59
3/11/2019,5653,633,2218,7915,3589,2.5,0.25,0.94,3.3,1.75,46,0,14.4,0,48
3/12/2019,3413,20283,4218,6350,10284,1.51,8.2,1.6,2.7,3.5,39,0,9.2,0,45
3/13/2019,9067,1136,254,7653,3014,4.02,0.5,0.11,3.3,1.98,40.5,0,4.4,0,64
3/14/2019,9342,15085,4454,12654,10731,4.14,6.3,1.6,5.5,4.38,49.5,0,5.1,0,56
3/15/2019,597,7209,321,159,2563,0.26,3.12,0.13,0.06,0.89,62,0,3.5,0.39,64
3/16/2019,6249,2041,2186,7291,3839,2.77,1.12,0.84,3.1,1.96,47.5,0,10.1,0,43
3/17/2019,3924,98,6508,6201,4269,1.74,0.03,2.8,2.7,1.82,39.5,0,6.5,0,44
3/18/2019,1253,1057,2787,12242,5362,0.55,0.46,1.1,5.2,1.83,39,0,3.3,0,64
3/19/2019,5127,18237,2812,9363,10137,2.27,7.7,1,4,3.74,43,0,2.9,0,54
3/20/2019,4272,2417,1286,6602,3435,1.89,1.01,0.48,2.7,1.52,45,0,4.1,0,61
3/21/2019,2924,11355,2892,5892,6713,1.29,4.5,1.1,2.4,2.32,43.5,9,6.8,0.75,52
3/22/2019,8231,256,3611,8730,4199,3.65,0.09,1.4,3.7,2.21,43.5,9,10.6,0.68,44
3/23/2019,9796,2731,3076,6795,4201,4.34,1.21,1.2,2.8,2.39,41.5,0,10.4,0,44
3/24/2019,8589,1036,6132,4252,3807,3.8,0.46,2.3,1.8,2.09,49,0,5.4,0,50
3/25/2019,3626,1319,2082,6474,3292,1.61,0.58,0.77,2.8,1.44,49,0,4,0,45
3/26/2019,7971,1517,2671,7804,3997,3.53,0.66,0.99,3.2,2.1,41,0,8,0,44
3/27/2019,9471,824,2096,7818,3579,4.19,0.36,0.79,3.3,2.16,40.5,0,4.8,0,45
3/28/2019,3762,15664,3212,12043,10306,1.67,6.6,1.2,5,3.62,45,0,2.9,0,55
3/29/2019,1775,14371,823,0,5065,0.79,0.65,0.32,0,0.44,54,0,1.9,0,59
3/30/2019,3487,4446,3556,8305,5436,1.54,1.91,1.3,3.5,2.06,61,0,4.6,0,72
3/31/2019,7550,512,4037,10349,4966,3.34,0.46,1.5,4.4,2.43,52,0,5.8,0.06,100
4/1/2019,4018,822,843,10523,4063,1.78,0.37,0.32,4.4,1.72,39.5,0,7.4,0,46
4/2/2019,9238,783,3278,12962,5674,4.09,0.34,1.3,5.5,2.81,45.5,0,3.8,0,60
4/3/2019,4009,1753,1008,8676,3812,1.78,1.29,0.39,3.4,1.71,54,0,8.8,0,54
4/4/2019,6144,13408,2870,7148,7809,2.72,5.4,1.1,2.9,3.03,52,0,6.9,0,49
4/5/2019,2327,452,1143,32,542,1.03,0.19,0.51,0.01,0.44,41.5,2,5.8,0.2,41
4/6/2019,3116,2645,1929,8450,4341,1.38,1.12,0.73,3.4,1.66,53.5,8,3.8,0,53
4/7/2019,2363,1535,5479,4628,3881,1.05,0.64,2.2,2,1.47,58.5,0,2.3,0,64
4/8/2019,3017,608,2259,11213,4693,1.34,0.62,0.84,4.4,1.8,64,4,3.3,0.26,61
4/9/2019,8176,15807,4280,6397,8828,3.62,6.2,1.6,2.4,3.46,48.5,6,4.2,0.03,65
4/10/2019,4464,2601,82,13380,5354,1.98,1.62,0.03,5.3,2.23,52.5,0,6.2,0,38
4/11/2019,9602,16935,5394,15151,12493,4.25,6.6,2,6,4.71,47.5,0,3.3,0,44
4/12/2019,2385,11675,1462,11768,8302,1.06,4.98,0.58,4.7,2.83,57,4,3.6,0.63,51
4/13/2019,872,3190,3621,11316,6042,0.39,1.31,1.4,4.3,1.85,68,4,3.6,0.24,53
4/14/2019,4110,156,1718,9149,3674,1.82,0.06,0.72,3.7,1.58,66.5,6,1.9,0.01,54
4/15/2019,9746,924,710,5878,2504,4.32,0.4,0.28,2.2,1.8,55.5,6,8.1,0.96,46
4/16/2019,2560,1480,4071,15426,6992,1.13,0.64,1.5,6,2.32,55,0,9.3,0,49
4/17/2019,2704,5259,3587,12348,7065,1.2,2.11,1.3,4.8,2.35,55.5,0,3.4,0.01,47
4/18/2019,5146,11752,4436,14044,10077,2.28,4.5,1.6,5.4,3.44,56.5,0,4.3,0,58
4/19/2019,5886,1295,8710,15067,8357,2.61,0.51,3.3,6.2,3.15,69,3,5.3,0.01,56
4/20/2019,5933,535,65,6218,2273,2.63,0.61,0.02,2.6,1.46,59.5,15,6,0.7,52
4/21/2019,2572,82,8504,15883,8156,1.14,0.03,3.2,6.6,2.74,59.5,0,3.9,0,44
4/22/2019,8104,741,1098,98,646,3.59,0.29,0.43,0.04,1.09,58,5,4.3,0.24,41
4/23/2019,6690,3466,88,10331,4628,2.96,0.5,0.03,4.2,1.92,66.5,0,3.4,0.08,61
4/24/2019,1829,576,3422,13224,5741,0.81,0.25,1.3,5,1.84,62,0,6.5,0,44
4/25/2019,7855,10647,1822,5556,6008,3.48,4.71,0.71,2.2,2.77,57,0,3.4,0.02,44
4/26/2019,1447,761,848,68,559,0.64,0.31,0.32,0.02,0.32,55,20,4.6,1.03,45
4/27/2019,5960,6267,607,9934,5603,2.64,2.74,0.24,4.4,2.5,52.5,2,7.6,0.07,47
4/28/2019,2412,281,2196,2541,1673,1.07,0.11,0.86,1.1,0.78,49,0,3.8,0.01,36
4/29/2019,2258,1042,8876,13935,7951,1,0.44,3.5,5.6,2.64,50.5,0,2.7,0.01,44
4/30/2019,5827,14196,3680,6738,8205,2.58,5.6,1.4,2.8,3.1,54,10,2,0.04,62
5/1/2019,2402,1113,8124,18100,9112,1.06,0.47,3.1,7.2,2.96,53,5,3.1,0,46
5/2/2019,7245,2817,1427,9238,4494,3.21,1.23,0.57,3.7,2.18,64,7,3.6,0.01,62
5/3/2019,343,458,1418,8508,3461,0.15,0.19,0.54,3.5,1.1,53,6,2.4,0.06,67
5/4/2019,4527,1209,852,14619,5560,2,1.02,0.33,5.9,2.31,62,12,1.2,0.11,81
5/5/2019,9591,7723,3725,332,3927,4.25,3.4,1.4,0.13,2.29,54.5,24,6.7,1.31,40
5/6/2019,7706,2618,4351,12215,6395,3.41,1.12,1.7,4.9,2.78,62.5,1,5.5,0,68
5/7/2019,327,16909,2707,11886,10501,0.14,6.7,1,4.8,3.16,61,4,1.3,0.11,54
5/8/2019,7717,1115,3968,11827,5637,3.42,0.48,1.5,4.8,2.55,63,3,4.6,0,48
5/9/2019,3679,10947,4696,12705,9449,1.63,4.5,1.8,2.1,2.51,57,0,6.7,0,51
5/10/2019,4675,562,144,14004,4903,2.07,0.24,0.06,5.3,1.92,64.5,3,1.5,0.04,54
5/11/2019,3750,936,3394,7768,4033,1.66,0.39,1.3,3.2,1.64,62.5,1,3.4,0.04,52
5/12/2019,5845,1033,1191,99,774,2.59,0.38,0.48,0.04,0.87,51,21,7.4,1.32,40
5/13/2019,5345,1853,2177,14292,6107,2.37,0.82,0.83,5.7,2.43,45,21,5.7,0.7,53
5/14/2019,1612,13527,3445,11857,9610,0.71,5.6,1.3,4.7,3.08,48,16,2.3,0.3,46
5/15/2019,2150,4384,1146,34,1855,0.95,1.74,0.45,0.01,0.79,56.5,7,4.3,0.01,42
5/16/2019,473,8194,3673,36,3968,0.21,3.26,1.3,0.01,1.19,62.5,4,2.9,0.12,58
5/17/2019,3047,6176,851,655,2561,1.35,2.48,0.32,0.27,1.1,68,0,4.8,0.03,67
5/18/2019,1380,6569,793,7142,4835,0.61,2.7,0.3,2.9,1.63,65.5,0,2.9,0,50
5/19/2019,4960,2736,1672,5523,3310,2.2,1.05,0.63,2.3,1.54,68,1,3.3,0.06,61
5/20/2019,2747,3257,2902,5791,3983,1.22,1.31,1,2.4,1.48,75.5,6,5.5,0,77
5/21/2019,9876,6695,4460,7992,6382,4.37,3.02,1.8,3.2,3.1,63.5,0,6.1,0,37
5/22/2019,2401,3124,888,10871,4961,1.06,1.4,0.33,4.4,1.8,64,0,4,0,47
5/23/2019,5641,2689,3439,5448,3859,2.5,1.27,1.3,2,1.77,63.5,11,4.7,0.48,45
5/24/2019,7186,4165,56,7775,3999,3.18,1.74,0.02,2.8,1.94,67,2,8.5,0,48
5/25/2019,1128,6128,874,8273,5092,0.5,2.6,0.35,3.4,1.71,63,0,4.8,0,44
5/26/2019,5136,2370,52,5115,2512,2.27,1,0.02,2.2,1.37,72.5,4,4.5,0.2,51
5/27/2019,9223,1137,910,12400,4816,4.08,0.5,0.35,5.3,2.56,72,0,4.1,0,44
5/28/2019,1381,2147,2853,2934,2645,0.61,0.94,1.1,1.1,0.94,66.5,7,4.2,0.17,56
5/29/2019,9238,1949,60,3492,1834,4.09,0.86,0.02,1.4,1.59,63,9,5,0.8,55
5/30/2019,5289,10104,93,9349,6515,2.34,4.45,0.03,3.8,2.66,63.5,17,2.4,0.95,56
5/31/2019,1658,4495,2081,6038,4205,0.73,2,0.81,2.5,1.51,71.5,8,2.9,0,100
6/1/2019,1618,3578,981,10341,4967,0.72,1.45,0.38,4.4,1.74,71.5,0,2.8,0,71
6/2/2019,2756,2591,8155,6284,5677,1.22,1.1,3.1,2.6,2.01,71,5,3.9,0.86,74
6/3/2019,2881,2652,1814,3340,2602,1.28,1.17,0.71,1.4,1.14,64,0,5.5,0,40
6/4/2019,9837,3264,2219,8199,4561,4.36,1.66,0.88,3,2.47,62,0,4.6,0,45
6/5/2019,8482,2287,1858,7197,3781,3.76,1.01,0.73,2.9,2.1,72.5,0,4.6,0,97
6/6/2019,2671,3942,833,3160,2645,1.18,1.65,0.33,1.2,1.09,75.5,6,5.2,0.04,61
6/7/2019,322,1853,1801,179,1278,0.14,0.83,0.7,0.07,0.44,73.5,0,2.3,0,67
6/8/2019,4594,1873,1220,8949,4014,2.03,1.31,0.48,3.8,1.91,72,1,6.2,0,61
6/9/2019,7938,1932,14837,993,5921,3.52,0.84,5.9,0.38,2.66,69,0,6.1,0,47
6/10/2019,7274,8391,90,8270,5584,3.22,3.92,0.03,3.5,2.67,65,15,6.8,0.62,40
6/11/2019,3720,7063,6003,7684,6917,1.65,3.11,2.3,3,2.51,70,7,6.2,0.45,39
6/12/2019,3743,1709,4196,2564,2823,1.66,0.75,1.7,1,1.28,66.5,0,4.8,0,43
6/13/2019,6387,3179,4791,9685,5885,2.83,1.3,2.3,4.1,2.63,60,7,5.7,0.6,40
6/14/2019,8819,2290,714,12657,5220,3.91,0.99,0.29,5.3,2.62,65.5,6,6.1,0,37
6/15/2019,3403,5477,3594,9873,6315,1.51,2.4,1.4,4.2,2.38,70.5,0,4.7,0,67
6/16/2019,5541,3042,6453,7864,5786,2.45,1.54,2.5,3.4,2.47,72.5,1,5.2,0.04,60
6/17/2019,4132,3340,9189,100,4210,1.83,1.38,3.7,0.03,1.73,72.5,0,1.6,0,54
6/18/2019,6050,3273,2228,6911,4137,2.68,1.33,0.92,2.7,1.91,70,21,1.6,0.79,68
6/19/2019,7718,4887,2255,5301,4148,3.42,2.05,0.88,2.2,2.14,68.5,20,2.9,0.11,54
6/20/2019,516,1817,5900,3266,3661,0.23,1.04,2.3,1.3,1.22,71.5,21,3,0.42,55
6/21/2019,6119,4765,16250,10247,10421,2.71,2.02,6.6,3.9,3.81,71,11,5.4,0.53,39
6/22/2019,4518,5546,9396,10299,8414,2,2.42,3.8,4.2,3.11,70,0,5.7,0,37
6/23/2019,7243,3604,16042,14598,11415,3.21,1.53,6.2,6.3,4.31,73.5,0,4.5,0,40
6/24/2019,7463,5489,13000,6246,8245,3.31,2.4,5.3,2.5,3.38,75.5,0,2,0,67
6/25/2019,4507,923,6100,9749,5591,2,0.39,2.3,3.8,2.12,78,6,2.2,0.86,61
6/26/2019,2722,2095,6017,11510,6541,1.21,0.93,2.3,4.5,2.23,79.5,0,3,0,108
6/27/2019,9423,3817,9313,2607,5246,4.17,1.61,3.4,1,2.55,80,0,3,0,105
6/28/2019,4152,8887,16588,10152,11876,1.84,3.96,6.1,4,3.97,81,0,2.4,0,150
6/29/2019,1387,16071,15207,6644,12641,0.61,7.01,5.6,2.7,3.98,81.5,1,4.9,0.08,126
6/30/2019,4035,2858,8826,5285,5656,1.79,1.16,3.3,2.1,2.09,76,0,6.3,0.06,46
7/1/2019,6481,1165,14457,104,5242,2.87,0.48,5.4,0.04,2.2,75,0,4.5,0,47
7/2/2019,489,2169,6923,312,3135,0.22,0.94,2.6,1.3,1.26,78,0,2.4,0.02,150
7/3/2019,3242,1103,18575,5929,8536,1.44,0.48,7,2.1,2.75,81,0,1.9,0,129
7/4/2019,5525,4680,7156,3013,4950,2.45,2.11,2.5,1.2,2.06,82,0,3,0,122
7/5/2019,452,5740,7719,6303,6587,0.2,2.99,2.9,2.3,2.1,79,0,3.7,0,100
7/6/2019,8238,7537,13327,16203,12356,3.65,3.48,4.9,6.6,4.66,83,0,3.5,0,56
7/7/2019,1658,1887,7035,2686,3869,0.73,0.8,2.6,1.1,1.31,79,0,4.8,0,53
7/8/2019,8789,1628,6293,5389,4437,3.89,0.72,2.4,2.2,2.3,73,0,2.5,0.04,54
7/9/2019,8650,5579,6854,7594,6676,3.83,2.37,2.6,3.1,2.98,78,0,2.8,0,100
7/10/2019,2443,1336,6369,5186,4297,1.08,0.59,2.4,2.1,1.54,81,0,2.3,0,112
7/11/2019,2452,930,428,3701,1686,1.09,0.4,0.19,1.4,0.77,80,9,4.8,0.79,90
7/12/2019,2303,4117,18849,5738,9568,1.02,1.73,6.9,2.3,2.99,79.5,7,5.5,0,51
7/13/2019,6571,2321,14115,11602,9346,2.91,1.36,5.3,5,3.64,77.5,0,4.2,0,80
7/14/2019,8398,6885,4720,9518,7041,3.72,2.95,1.9,4,3.14,82.5,0,5.4,0,64
7/15/2019,1434,4339,10821,5951,7037,0.64,1.82,3.8,2.5,2.19,76.5,0,3.6,0,61
7/16/2019,1110,2710,5648,6271,4876,0.49,1.08,2,2.4,1.49,81.5,0,2.9,0,136
7/17/2019,3927,1664,4370,3756,3263,1.74,0.71,1.6,1.5,1.39,83,4,3.9,1.82,108
7/18/2019,8020,6865,8885,6836,7529,3.55,3,3.3,2.5,3.09,75,17,4.8,0.51,54
7/19/2019,7656,6423,5786,2719,4976,3.39,2.72,2,1.1,2.3,81,1,3.9,0,93
7/20/2019,9659,469,4510,6169,3716,4.28,0.19,1.6,3.8,2.47,88.5,0,4.3,0,97
7/21/2019,1110,2759,8434,4165,5119,0.49,1.13,3,1.6,1.56,87.5,0,6,0,84
7/22/2019,8909,1697,6589,4935,4407,3.95,0.83,2.3,2.1,2.29,81,8,3.7,1.66,71
7/23/2019,201,2489,4196,5881,4189,0.09,1.02,1.5,2.3,1.23,70.5,10,4.1,0.53,31
7/24/2019,1215,1285,14873,2055,6071,0.54,0.54,5.8,0.89,1.94,75,6,3,0.02,54
7/25/2019,6253,5087,5980,4302,5123,2.77,2.21,2.3,1.7,2.24,77,0,1.7,0,58
7/26/2019,6037,5139,14080,1990,7070,2.67,2.68,5.2,0.81,2.84,78.5,0,2.3,0,108
7/27/2019,3402,3551,8676,8513,6913,1.51,1.52,3.3,3.5,2.46,78.5,0,2.7,0,93
7/28/2019,5950,1425,8396,3594,4472,2.64,0.62,3.1,1.4,1.94,79.5,0,5.9,0.01,129
7/29/2019,9445,2362,7397,2339,4033,4.18,1.19,2.7,0.97,2.26,81.5,0,4.4,0,150
7/30/2019,2867,4535,16741,3713,8330,1.27,1.93,6.2,1.5,2.72,85,0,4.3,0.01,105
7/31/2019,3680,3010,4865,9029,5635,1.63,1.27,1.8,3.8,2.12,78.5,8,3.4,0.36,84
8/1/2019,3208,4499,512,3411,2807,1.42,2.01,0.21,1.4,1.26,78.5,4,2.1,0,84
8/2/2019,6452,1869,605,9713,4062,2.86,0.83,0.23,4.1,2,78.5,0,3.5,0,80
8/3/2019,1271,9295,3013,9044,7117,0.56,3.91,1.1,3.7,2.32,77,1,4.9,0.21,87
8/4/2019,2643,6849,3623,3380,4617,1.17,2.94,1.3,1.4,1.7,78,8,2.7,0,90
8/5/2019,1280,2943,2150,5776,3623,0.57,1.23,0.92,2.3,1.25,76,0,4.2,0,80
8/6/2019,6281,5489,5819,6212,5840,2.78,2.42,2.3,2.5,2.5,75,5,3.2,0.04,61
8/7/2019,5714,2935,1675,6500,3703,2.53,1.23,0.75,2.7,1.8,76.5,10,2.6,1.18,58
8/8/2019,8135,3714,5455,4092,4420,3.6,1.64,2.2,1.7,2.29,75.5,10,4.9,0.2,97
8/9/2019,412,3649,6975,4766,5130,0.18,1.51,2.7,1.9,1.57,75.5,0,3.9,0.08,51
8/10/2019,3845,4143,3912,3529,3861,1.7,1.77,1.5,1.5,1.62,73.5,0,5.1,0,37
8/11/2019,9194,3169,2196,9518,4961,4.07,1.53,0.87,4,2.62,71.5,0,3,0,38
8/12/2019,1311,6262,3360,5052,4891,0.58,2.71,1.2,2.1,1.65,76.5,0,3.5,0,67
8/13/2019,5170,5706,8836,2834,5792,2.29,2.24,3.3,1.1,2.23,75,3,3.8,0.07,61
8/14/2019,2483,47166,7317,2658,19047,1.1,20.8,2.7,1,6.4,78.5,1,3.5,0,71
8/15/2019,5383,7105,5117,6066,6096,2.38,3.1,1.9,2.4,2.45,77.5,1,3.9,0,59
8/16/2019,5652,3004,2647,1775,2475,2.5,1.22,1,0.75,1.37,73.5,1,2.8,0,50
8/17/2019,4310,10281,1335,16150,9255,1.91,4.4,0.5,6.6,3.35,80,3,3,0,71
8/18/2019,2651,839,3235,3539,2538,1.17,0.8,1.2,1.5,1.17,80,6,3,0.64,56
8/19/2019,4762,2887,7828,3164,4626,2.11,1.15,2.9,1.4,1.89,81,0,3,0,71
8/20/2019,13206,3003,8776,6275,6018,5.85,1.32,3.2,2.6,3.24,81.5,0,2.8,0,93
8/21/2019,2884,2113,4867,7028,4669,1.28,0.96,1.8,2.8,1.71,80.5,2,3.6,0.1,59
8/22/2019,4075,1245,5034,12140,6140,1.8,0.67,1.9,4.6,2.24,80.5,4,4.3,1.01,97
8/23/2019,6673,15723,4441,10374,10179,2.96,7.1,1.6,4.1,3.94,69.5,7,3.2,0.09,49
8/24/2019,8332,6000,1047,3256,3434,3.69,3.02,0.4,1.4,2.13,70,0,5.1,0,37
8/25/2019,5299,7543,3741,10859,7381,2.35,3.3,1.4,4.7,2.94,70,0,8.7,0,35
8/26/2019,4761,1698,6798,4789,4428,2.11,1.04,2.6,2.1,1.96,67.5,0,7,0,42
8/27/2019,4602,7436,6963,13338,9246,2.04,3.3,2.8,5.5,3.41,68.5,0,3.3,0,42
8/28/2019,6159,2569,10439,11080,8029,2.73,1.1,4,4.5,3.08,70.5,9,3.7,0.08,40
8/29/2019,5945,8571,10243,17768,12194,2.63,3.9,3.9,6.8,4.31,73,1,4.4,0,44
8/30/2019,2268,963,17704,445,6371,1,0.42,6.5,0.18,2.03,76.5,0,4.3,0,84
8/31/2019,8860,3455,9209,3265,5310,3.92,1.73,3.5,1.3,2.61,75,0,5.5,0,80
9/1/2019,3322,1564,24940,3378,9961,1.47,0.68,9.2,1.5,3.21,70.5,0,4.5,0,40
9/2/2019,2990,1515,5527,105,2382,1.32,0.69,2.1,0.04,1.04,71.5,9,2.6,0.3,42
9/3/2019,4618,5688,2990,13609,7429,2.05,2.5,1.1,5.2,2.71,74.5,3,3.1,0,58
9/4/2019,11409,5594,9683,13187,9488,5.05,2.77,3.5,5.1,4.11,77.5,2,3.8,0,54
9/5/2019,7169,7967,8258,12835,9687,3.17,3.51,3.2,5,3.72,69.5,0,5.2,0,35
9/6/2019,4390,7122,8897,128,5382,1.94,3.21,3.3,0.05,2.13,62.5,3,8.3,0.32,35
9/7/2019,4822,1291,5874,7287,4817,2.14,0.67,2.2,3.3,2.08,65.5,4,5,0.02,36
9/8/2019,3331,6595,5127,4165,5296,1.48,3.36,1.9,1.8,2.13,70,0,2,0,42
9/9/2019,7078,8020,4103,13094,8406,3.13,3.6,1.6,4.9,3.31,71,0,4.7,0,42
9/10/2019,240,8963,11964,8741,9889,0.11,3.9,4.6,3.2,2.95,71,6,2.8,0.01,40
9/11/2019,9936,3065,7007,7771,5948,4.4,1.49,2.7,3.1,2.92,78.5,0,5.3,0,80
9/12/2019,7383,7250,9332,9610,8731,3.27,3.65,3.5,3.6,3.5,71,5,4.6,0.17,56
9/13/2019,550,1549,9312,590,3817,0.24,0.94,3.5,0.24,1.23,64.5,1,6.6,0,30
9/14/2019,8253,1797,5353,2609,3253,3.66,1.04,2,1.1,1.95,67.5,0,3.3,0,44
9/15/2019,5183,4701,4696,9720,6372,2.3,2.11,1.7,3.8,2.48,75,0,2.4,0,54
9/16/2019,5483,6232,6233,11979,8148,2.43,3.2,2.4,4.6,3.16,72.5,0,2,0,44
9/17/2019,6456,8506,8638,15290,10811,2.86,4.19,3.3,6.5,4.21,69,0,5.7,0,43
9/18/2019,9188,1147,11296,11051,7831,4.07,0.77,4.4,4.1,3.33,63,0,6.1,0,32
9/19/2019,8032,6238,5034,15851,9041,3.56,2.9,1.9,5.7,3.51,61,0,3.1,0,42
9/20/2019,5965,2151,12219,10401,8257,2.64,1.12,4.6,4.1,3.12,67,0,5,0,74
9/21/2019,3356,6185,5668,2212,4688,1.49,3.32,2.1,0.98,1.97,72.5,0,2.5,0,84
9/22/2019,4305,4785,8645,11749,8393,1.91,2.64,3.2,4.7,3.11,76.5,0,3.6,0,101
9/23/2019,6815,1347,7631,12547,7175,3.02,1.05,2.9,4.8,2.94,79.5,0,5.8,0.11,100
9/24/2019,4883,6116,4265,12352,7578,2.16,3.55,1.6,4.7,3,69.5,1,5.7,0,33
9/25/2019,3884,1245,9826,10806,7292,1.72,1.18,3.8,4,2.68,68.5,0,3.4,0,48
9/26/2019,7867,8857,3388,14583,8943,3.48,5.04,1.3,5.9,3.93,73,0,4.5,0.02,53
9/27/2019,8676,4884,12785,13371,10347,3.84,2.6,5,5.7,4.29,67.5,0,3.4,0,53
9/28/2019,6700,4929,5195,43,3389,2.97,2.6,1.9,0.01,1.87,73.5,0,2.9,0,51
9/29/2019,5537,239,7867,13268,7125,2.45,0.11,3,5.5,2.77,72.5,0,6.3,0,40
9/30/2019,6332,7280,16993,6307,10193,2.8,4,6.5,2.5,3.95,65.5,0,6.9,0,31
10/1/2019,3060,3053,5125,7883,5354,1.36,2.12,1.9,3.4,2.19,72,0,3.7,0,46
10/2/2019,7231,914,11869,12941,8575,3.2,0.72,4.6,5.2,3.43,78,0,6.4,0.03,54
10/3/2019,6159,7004,3436,15131,8524,2.73,3.8,1.3,5.8,3.41,58,22,6.8,0.34,25
10/4/2019,2419,3414,12023,10092,8510,1.07,2.02,4.5,3.9,2.87,58,8,6.5,0,32
10/5/2019,7801,1059,1939,5921,2973,3.45,0.55,0.74,2.6,1.84,53,0,5.3,0,39
10/6/2019,9385,2804,6080,3138,4007,4.16,1.64,2.3,1.3,2.35,63.5,0,2.9,0.01,42
10/7/2019,5880,2940,8036,16517,9164,2.6,2.11,3,7,3.68,69,4,3.9,0.2,36
10/8/2019,8858,2893,8903,11781,7859,3.92,1.53,3.3,4.7,3.36,60.5,3,7.9,0.02,31
10/9/2019,4804,12450,8425,8153,9676,2.13,6.72,3.2,3,3.76,55,3,10.4,0.54,30
10/10/2019,4227,16246,5313,12516,11358,1.87,8.73,1.9,4.9,4.35,62,0,9.8,0,35
10/11/2019,9850,3030,14271,15565,10955,4.36,2.09,5.6,6.6,4.66,59.5,0,9.3,0,34
10/12/2019,4711,2174,6741,975,3297,2.09,1.1,2.6,0.41,1.55,61,0,3.6,0,33
10/13/2019,7526,122,10821,42,3662,3.33,0.08,4,0.01,1.86,60,0,2.3,0,34
10/14/2019,9150,795,11844,6510,6383,4.05,0.43,4.3,2.7,2.87,65,0,4.1,0,45
10/15/2019,6105,436,7819,13679,7311,2.7,0.52,2.8,5.4,2.86,57.5,0,3.2,0,37
10/16/2019,7877,928,3805,8346,4360,3.49,0.49,1.4,2.9,2.07,59,4,9.9,1.83,44
10/17/2019,6456,31022,9213,11358,17198,2.86,15.3,3.4,4.5,6.51,54,0,13.9,0,32
10/18/2019,4351,136,15807,9522,8488,1.93,0.44,6,3.7,3.02,52.5,0,8.9,0,29
10/19/2019,4315,5667,1953,4349,3990,1.91,3,0.75,1.8,1.87,51.5,0,3.1,0,37
10/20/2019,5594,2787,7839,16,3547,2.48,1.42,3,0.006,1.73,54,10,4.2,0.54,67
10/21/2019,3985,763,7764,13566,7364,1.76,0.6,2.9,5.4,2.67,59,0,4.4,0,45
10/22/2019,8912,7267,8727,11620,9205,3.95,4,3.3,4.6,3.96,59,14,4.6,0.57,43
10/23/2019,198,1713,7126,11281,6707,0.09,1.14,2.8,4.6,2.16,59.5,5,5.9,0.01,45
10/24/2019,8699,6620,7507,11211,8446,3.85,3.61,2.8,4.4,3.67,58.5,0,3.1,0,46
10/25/2019,6199,1226,13938,4051,6405,2.75,1.1,5.3,1.7,2.71,58.5,0,3.2,0,59
10/26/2019,6116,13040,19353,10549,14314,2.71,7.1,7.2,4.4,5.35,57.5,0,3.7,0.01,41
10/27/2019,4329,804,7363,5835,4667,1.92,0.54,2.7,2.5,1.91,61,16,5,1.38,35
10/28/2019,10723,19110,7747,11716,12858,4.75,9.5,3,4.7,5.49,59,0,3.6,0,31
10/29/2019,101,13111,4662,11224,9666,0.04,6.6,1.7,4.5,3.21,56.5,15,4.2,0.07,31
10/30/2019,3356,2468,4373,12762,6534,1.49,1.31,1.6,5.1,2.37,60.5,24,3.3,0.06,38
10/31/2019,189,6136,8350,12900,9129,0.08,3.42,3,5.1,2.9,65.5,18,6.1,0.54,44
